filename,file_size,file_attributes,region_count,region_id,region_shape_attributes,region_attributes
"FHD0100.JPG,4453329,""{}"",2,0,""{""""name"""":""""rect"""",""""x"""":2688,""""y"""":1340,""""width"""":274,""""height"""":595}"",""{"""""""":"""""""",""""object"""":""""pieton""""}"""
"FHD0100.JPG,4453329,""{}"",2,1,""{""""name"""":""""rect"""",""""x"""":2557,""""y"""":1383,""""width"""":1978,""""height"""":1194}"",""{"""""""":"""""""",""""object"""":""""passage-pieton""""}"""
"FHD0101.JPG,4429711,""{}"",2,0,""{""""name"""":""""rect"""",""""x"""":2723,""""y"""":1344,""""width"""":185,""""height"""":641}"",""{"""""""":"""""""",""""object"""":""""pieton""""}"""
"FHD0101.JPG,4429711,""{}"",2,1,""{""""name"""":""""rect"""",""""x"""":2576,""""y"""":1375,""""width"""":2005,""""height"""":1174}"",""{"""""""":"""""""",""""object"""":""""passage-pieton""""}"""
"FHD0102.JPG,4407486,""{}"",1,0,""{""""name"""":""""rect"""",""""x"""":2542,""""y"""":1186,""""width"""":2055,""""height"""":1402}"",""{"""""""":"""""""",""""object"""":""""passage-pieton""""}"""
"FHD0103.JPG,4422009,""{}"",2,0,""{""""name"""":""""rect"""",""""x"""":3086,""""y"""":1244,""""width"""":502,""""height"""":928}"",""{""""object"""":""""pieton""""}"""
"FHD0103.JPG,4422009,""{}"",2,1,""{""""name"""":""""rect"""",""""x"""":2476,""""y"""":1464,""""width"""":2113,""""height"""":1112}"",""{"""""""":"""""""",""""object"""":""""passage-pieton""""}"""
"FHD0104.JPG,4472372,""{}"",2,0,""{""""name"""":""""rect"""",""""x"""":3086,""""y"""":1218,""""width"""":533,""""height"""":947}"",""{"""""""":"""""""",""""object"""":""""pieton""""}"""
"FHD0104.JPG,4472372,""{}"",2,1,""{""""name"""":""""rect"""",""""x"""":2460,""""y"""":1537,""""width"""":2101,""""height"""":1012}"",""{"""""""":"""""""",""""object"""":""""passage-pieton""""}"""
"FHD0105.JPG,4509353,""{}"",2,0,""{""""name"""":""""rect"""",""""x"""":3113,""""y"""":1225,""""width"""":552,""""height"""":963}"",""{"""""""":"""""""",""""object"""":""""pieton""""}"""
"FHD0105.JPG,4509353,""{}"",2,1,""{""""name"""":""""rect"""",""""x"""":2468,""""y"""":1684,""""width"""":2117,""""height"""":888}"",""{"""""""":"""""""",""""object"""":""""passage-pieton""""}"""
"FHD0106.JPG,4460464,""{}"",1,0,""{""""name"""":""""rect"""",""""x"""":2534,""""y"""":1488,""""width"""":2043,""""height"""":1065}"",""{"""""""":"""""""",""""object"""":""""passage-pieton""""}"""
"FHD0107.JPG,4435889,""{}"",1,0,""{""""name"""":""""rect"""",""""x"""":2508,""""y"""":1644,""""width"""":2089,""""height"""":902}"",""{"""""""":"""""""",""""object"""":""""passage-pieton""""}"""
"FHD0108.JPG,4434441,""{}"",1,0,""{""""name"""":""""rect"""",""""x"""":2454,""""y"""":1606,""""width"""":2131,""""height"""":955}"",""{"""""""":"""""""",""""object"""":""""passage-pieton""""}"""
"FHD0109.JPG,4457827,""{}"",1,0,""{""""name"""":""""rect"""",""""x"""":2526,""""y"""":1773,""""width"""":2066,""""height"""":773}"",""{"""""""":"""""""",""""object"""":""""passage-pieton""""}"""
"FHD0110.JPG,4482475,""{}"",1,0,""{""""name"""":""""rect"""",""""x"""":2480,""""y"""":1788,""""width"""":2097,""""height"""":784}"",""{"""""""":"""""""",""""object"""":""""passage-pieton""""}"""
"FHD0111.JPG,4472462,""{}"",1,0,""{""""name"""":""""rect"""",""""x"""":2530,""""y"""":1944,""""width"""":2074,""""height"""":632}"",""{"""""""":"""""""",""""object"""":""""passage-pieton""""}"""
"FHD0112.JPG,4429299,""{}"",1,0,""{""""name"""":""""rect"""",""""x"""":2367,""""y"""":1929,""""width"""":2188,""""height"""":632}"",""{"""""""":"""""""",""""object"""":""""passage-pieton""""}"""
"FHD0113.JPG,4445587,""{}"",1,0,""{""""name"""":""""rect"""",""""x"""":2435,""""y"""":1975,""""width"""":2150,""""height"""":594}"",""{"""""""":"""""""",""""object"""":""""passage-pieton""""}"""
"FHD0114.JPG,4412861,""{}"",1,0,""{""""name"""":""""rect"""",""""x"""":2437,""""y"""":1962,""""width"""":2148,""""height"""":606}"",""{"""""""":"""""""",""""object"""":""""passage-pieton""""}"""
"FHD0115.JPG,4449805,""{}"",2,0,""{""""name"""":""""rect"""",""""x"""":3214,""""y"""":1367,""""width"""":529,""""height"""":1070}"",""{"""""""":"""""""",""""object"""":""""pieton""""}"""
"FHD0115.JPG,4449805,""{}"",2,1,""{""""name"""":""""rect"""",""""x"""":2433,""""y"""":1985,""""width"""":2167,""""height"""":595}"",""{"""""""":"""""""",""""object"""":""""passage-pieton""""}"""
"FHD0116.JPG,4452989,""{}"",2,0,""{""""name"""":""""rect"""",""""x"""":3299,""""y"""":1363,""""width"""":444,""""height"""":1058}"",""{"""""""":"""""""",""""object"""":""""pieton""""}"""
"FHD0116.JPG,4452989,""{}"",2,1,""{""""name"""":""""rect"""",""""x"""":2472,""""y"""":1858,""""width"""":2105,""""height"""":711}"",""{"""""""":"""""""",""""object"""":""""passage-pieton""""}"""
"FHD0117.JPG,4452671,""{}"",2,0,""{""""name"""":""""rect"""",""""x"""":3407,""""y"""":1329,""""width"""":402,""""height"""":1109}"",""{"""""""":"""""""",""""object"""":""""pieton""""}"""
"FHD0117.JPG,4452671,""{}"",2,1,""{""""name"""":""""rect"""",""""x"""":2422,""""y"""":1916,""""width"""":2175,""""height"""":657}"",""{"""""""":"""""""",""""object"""":""""passage-pieton""""}"""
"FHD0118.JPG,4468561,""{}"",3,0,""{""""name"""":""""rect"""",""""x"""":3607,""""y"""":1396,""""width"""":594,""""height"""":951}"",""{"""""""":"""""""",""""object"""":""""pieton""""}"""
"FHD0118.JPG,4468561,""{}"",3,1,""{""""name"""":""""rect"""",""""x"""":4159,""""y"""":1138,""""width"""":438,""""height"""":1039}"",""{"""""""":"""""""",""""object"""":""""pieton""""}"""
"FHD0118.JPG,4468561,""{}"",3,2,""{""""name"""":""""rect"""",""""x"""":2470,""""y"""":1975,""""width"""":2119,""""height"""":609}"",""{"""""""":"""""""",""""object"""":""""passage-pieton""""}"""
"FHD0119.JPG,4479768,""{}"",3,0,""{""""name"""":""""rect"""",""""x"""":3573,""""y"""":1450,""""width"""":506,""""height"""":894}"",""{"""""""":"""""""",""""object"""":""""pieton""""}"""
"FHD0119.JPG,4479768,""{}"",3,1,""{""""name"""":""""rect"""",""""x"""":4167,""""y"""":1157,""""width"""":426,""""height"""":1073}"",""{"""""""":"""""""",""""object"""":""""pieton""""}"""
"FHD0119.JPG,4479768,""{}"",3,2,""{""""name"""":""""rect"""",""""x"""":2519,""""y"""":1868,""""width"""":2074,""""height"""":700}"",""{"""""""":"""""""",""""object"""":""""passage-pieton""""}"""
"FHD0120.JPG,4457986,""{}"",5,0,""{""""name"""":""""rect"""",""""x"""":3515,""""y"""":1452,""""width"""":452,""""height"""":923}"",""{"""""""":"""""""",""""object"""":""""pieton""""}"""
"FHD0120.JPG,4457986,""{}"",5,1,""{""""name"""":""""rect"""",""""x"""":4114,""""y"""":1217,""""width"""":436,""""height"""":1000}"",""{"""""""":"""""""",""""object"""":""""pieton""""}"""
"FHD0120.JPG,4457986,""{}"",5,2,""{""""name"""":""""rect"""",""""x"""":4442,""""y"""":1406,""""width"""":162,""""height"""":738}"",""{"""""""":"""""""",""""object"""":""""pieton""""}"""
"FHD0120.JPG,4457986,""{}"",5,3,""{""""name"""":""""rect"""",""""x"""":2372,""""y"""":1784,""""width"""":2236,""""height"""":796}"",""{"""""""":"""""""",""""object"""":undefined}"""
"FHD0120.JPG,4457986,""{}"",5,4,""{""""name"""":""""rect"""",""""x"""":3322,""""y"""":1839,""""width"""":15,""""height"""":19}"",""{"""""""":"""""""",""""object"""":""""passage-pieton""""}"""
"FHD0121.JPG,4472441,""{}"",4,0,""{""""name"""":""""rect"""",""""x"""":2858,""""y"""":1670,""""width"""":346,""""height"""":693}"",""{"""""""":"""""""",""""object"""":""""pieton""""}"""
"FHD0121.JPG,4472441,""{}"",4,1,""{""""name"""":""""rect"""",""""x"""":3272,""""y"""":1526,""""width"""":369,""""height"""":795}"",""{"""""""":"""""""",""""object"""":""""passage-pieton""""}"""
"FHD0121.JPG,4472441,""{}"",4,2,""{""""name"""":""""rect"""",""""x"""":3558,""""y"""":1728,""""width"""":293,""""height"""":491}"",""{"""""""":"""""""",""""object"""":""""pieton""""}"""
"FHD0121.JPG,4472441,""{}"",4,3,""{""""name"""":""""rect"""",""""x"""":2450,""""y"""":1941,""""width"""":2154,""""height"""":628}"",""{"""""""":"""""""",""""object"""":undefined}"""
"FHD0122.JPG,4461251,""{}"",4,0,""{""""name"""":""""rect"""",""""x"""":2835,""""y"""":1696,""""width"""":355,""""height"""":641}"",""{"""""""":"""""""",""""object"""":""""pieton""""}"""
"FHD0122.JPG,4461251,""{}"",4,1,""{""""name"""":""""rect"""",""""x"""":3206,""""y"""":1560,""""width"""":355,""""height"""":780}"",""{"""""""":"""""""",""""object"""":""""pieton""""}"""
"FHD0122.JPG,4461251,""{}"",4,2,""{""""name"""":""""rect"""",""""x"""":3519,""""y"""":1730,""""width"""":232,""""height"""":498}"",""{"""""""":"""""""",""""object"""":""""pieton""""}"""
"FHD0122.JPG,4461251,""{}"",4,3,""{""""name"""":""""rect"""",""""x"""":2545,""""y"""":1989,""""width"""":2036,""""height"""":564}"",""{"""""""":"""""""",""""object"""":""""passage-pieton""""}"""
"FHD0123.JPG,4450219,""{}"",4,0,""{""""name"""":""""rect"""",""""x"""":2842,""""y"""":1697,""""width"""":335,""""height"""":658}"",""{"""""""":"""""""",""""object"""":""""pieton""""}"""
"FHD0123.JPG,4450219,""{}"",4,1,""{""""name"""":""""rect"""",""""x"""":3158,""""y"""":1575,""""width"""":346,""""height"""":814}"",""{"""""""":"""""""",""""object"""":""""pieton""""}"""
"FHD0123.JPG,4450219,""{}"",4,2,""{""""name"""":""""rect"""",""""x"""":3493,""""y"""":1750,""""width"""":263,""""height"""":521}"",""{"""""""":"""""""",""""object"""":""""pieton""""}"""
"FHD0123.JPG,4450219,""{}"",4,3,""{""""name"""":""""rect"""",""""x"""":2458,""""y"""":1979,""""width"""":2112,""""height"""":590}"",""{"""""""":"""""""",""""object"""":""""passage-pieton""""}"""
"FHD0124.JPG,4456829,""{}"",1,0,""{""""name"""":""""rect"""",""""x"""":2507,""""y"""":1877,""""width"""":2086,""""height"""":691}"",""{"""""""":"""""""",""""object"""":""""passage-pieton""""}"""
"FHD0125.JPG,4447424,""{}"",1,0,""{""""name"""":""""rect"""",""""x"""":2553,""""y"""":1858,""""width"""":2043,""""height"""":734}"",""{"""""""":"""""""",""""object"""":""""passage-pieton""""}"""
"FHD0126.JPG,4476188,""{}"",1,0,""{""""name"""":""""rect"""",""""x"""":2515,""""y"""":1912,""""width"""":2070,""""height"""":672}"",""{"""""""":"""""""",""""object"""":""""passage-pieton""""}"""
"FHD0127.JPG,4394194,""{}"",2,0,""{""""name"""":""""rect"""",""""x"""":3002,""""y"""":1617,""""width"""":400,""""height"""":803}"",""{"""""""":"""""""",""""object"""":""""pieton""""}"""
"FHD0127.JPG,4394194,""{}"",2,1,""{""""name"""":""""rect"""",""""x"""":2869,""""y"""":1857,""""width"""":1720,""""height"""":712}"",""{"""""""":"""""""",""""object"""":""""passage-pieton""""}"""
"FHD0128.JPG,4376857,""{}"",2,0,""{""""name"""":""""rect"""",""""x"""":3059,""""y"""":1610,""""width"""":384,""""height"""":814}"",""{"""""""":"""""""",""""object"""":""""pieton""""}"""
"FHD0128.JPG,4376857,""{}"",2,1,""{""""name"""":""""rect"""",""""x"""":2858,""""y"""":1967,""""width"""":1731,""""height"""":613}"",""{"""""""":"""""""",""""object"""":""""passage-pieton""""}"""
"FHD0129.JPG,4396296,""{}"",2,0,""{""""name"""":""""rect"""",""""x"""":3148,""""y"""":1634,""""width"""":336,""""height"""":788}"",""{"""""""":"""""""",""""object"""":""""pieton""""}"""
"FHD0129.JPG,4396296,""{}"",2,1,""{""""name"""":""""rect"""",""""x"""":2870,""""y"""":2032,""""width"""":1727,""""height"""":545}"",""{"""""""":"""""""",""""object"""":""""passage-pieton""""}"""
"FHD0130.JPG,4417330,""{}"",2,0,""{""""name"""":""""rect"""",""""x"""":4170,""""y"""":1244,""""width"""":415,""""height"""":993}"",""{"""""""":"""""""",""""object"""":""""pieton""""}"""
"FHD0130.JPG,4417330,""{}"",2,1,""{""""name"""":""""rect"""",""""x"""":2793,""""y"""":1975,""""width"""":1796,""""height"""":586}"",""{"""""""":"""""""",""""object"""":""""passage-pieton""""}"""
"FHD0131.JPG,4397526,""{}"",2,0,""{""""name"""":""""rect"""",""""x"""":4249,""""y"""":1224,""""width"""":348,""""height"""":1024}"",""{"""""""":"""""""",""""object"""":""""pieton""""}"""
"FHD0131.JPG,4397526,""{}"",2,1,""{""""name"""":""""rect"""",""""x"""":2758,""""y"""":2082,""""width"""":1819,""""height"""":487}"",""{"""""""":"""""""",""""object"""":""""passage-pieton""""}"""
"FHD0132.JPG,4396698,""{}"",2,0,""{""""name"""":""""rect"""",""""x"""":4281,""""y"""":1187,""""width"""":323,""""height"""":1035}"",""{"""""""":"""""""",""""object"""":""""pieton""""}"""
"FHD0132.JPG,4396698,""{}"",2,1,""{""""name"""":""""rect"""",""""x"""":2877,""""y"""":2024,""""width"""":1701,""""height"""":540}"",""{"""""""":"""""""",""""object"""":""""passage-pieton""""}"""
"FHD0133.JPG,4422285,""{}"",1,0,""{""""name"""":""""rect"""",""""x"""":3021,""""y"""":2097,""""width"""":1549,""""height"""":472}"",""{"""""""":"""""""",""""object"""":""""passage-pieton""""}"""
"FHD0134.JPG,4385078,""{}"",1,0,""{""""name"""":""""rect"""",""""x"""":3032,""""y"""":2144,""""width"""":1564,""""height"""":433}"",""{"""""""":"""""""",""""object"""":""""passage-pieton""""}"""
"FHD0135.JPG,4406482,""{}"",1,0,""{""""name"""":""""rect"""",""""x"""":3097,""""y"""":2131,""""width"""":1469,""""height"""":422}"",""{"""""""":"""""""",""""object"""":""""passage-pieton""""}"""
"FHD0136.JPG,4439275,""{}"",1,0,""{""""name"""":""""rect"""",""""x"""":3090,""""y"""":2233,""""width"""":1475,""""height"""":340}"",""{"""""""":"""""""",""""object"""":""""passage-pieton""""}"""
"FHD0137.JPG,4450561,""{}"",1,0,""{""""name"""":""""rect"""",""""x"""":2920,""""y"""":2302,""""width"""":1649,""""height"""":270}"",""{"""""""":"""""""",""""object"""":""""passage-pieton""""}"""
"FHD0138.JPG,4445015,""{}"",1,0,""{""""name"""":""""rect"""",""""x"""":2657,""""y"""":2174,""""width"""":1924,""""height"""":409}"",""{"""""""":"""""""",""""object"""":""""passage-pieton""""}"""
"FHD0139.JPG,4482868,""{}"",2,0,""{""""name"""":""""rect"""",""""x"""":2412,""""y"""":898,""""width"""":883,""""height"""":1153}"",""{"""""""":"""""""",""""object"""":""""pieton""""}"""
"FHD0139.JPG,4482868,""{}"",2,1,""{""""name"""":""""rect"""",""""x"""":1552,""""y"""":1275,""""width"""":2660,""""height"""":1309}"",""{"""""""":"""""""",""""object"""":""""passage-pieton""""}"""
"FHD0140.JPG,4466821,""{}"",2,0,""{""""name"""":""""rect"""",""""x"""":2430,""""y"""":919,""""width"""":823,""""height"""":1112}"",""{"""""""":"""""""",""""object"""":""""pieton""""}"""
"FHD0140.JPG,4466821,""{}"",2,1,""{""""name"""":""""rect"""",""""x"""":1653,""""y"""":1236,""""width"""":2445,""""height"""":1302}"",""{"""""""":"""""""",""""object"""":""""passage-pieton""""}"""
"FHD0141.JPG,4383194,""{}"",2,0,""{""""name"""":""""rect"""",""""x"""":2399,""""y"""":1039,""""width"""":823,""""height"""":1116}"",""{"""""""":"""""""",""""object"""":""""pieton""""}"""
"FHD0141.JPG,4383194,""{}"",2,1,""{""""name"""":""""rect"""",""""x"""":1727,""""y"""":1383,""""width"""":2530,""""height"""":1163}"",""{"""""""":"""""""",""""object"""":""""passage-pieton""""}"""
"FHD0142.JPG,4518837,""{}"",2,0,""{""""name"""":""""rect"""",""""x"""":3326,""""y"""":966,""""width"""":313,""""height"""":653}"",""{"""""""":"""""""",""""object"""":""""pieton""""}"""
"FHD0142.JPG,4518837,""{}"",2,1,""{""""name"""":""""rect"""",""""x"""":2970,""""y"""":1448,""""width"""":1626,""""height"""":1093}"",""{"""""""":"""""""",""""object"""":""""passage-pieton""""}"""
"FHD0143.JPG,4524413,""{}"",2,0,""{""""name"""":""""rect"""",""""x"""":3360,""""y"""":969,""""width"""":294,""""height"""":653}"",""{"""""""":"""""""",""""object"""":""""pieton""""}"""
"FHD0143.JPG,4524413,""{}"",2,1,""{""""name"""":""""rect"""",""""x"""":2990,""""y"""":1495,""""width"""":1603,""""height"""":1047}"",""{"""""""":"""""""",""""object"""":""""passage-pieton""""}"""
"FHD0144.JPG,4528789,""{}"",2,0,""{""""name"""":""""rect"""",""""x"""":3360,""""y"""":954,""""width"""":324,""""height"""":657}"",""{"""""""":"""""""",""""object"""":""""pieton""""}"""
"FHD0144.JPG,4528789,""{}"",2,1,""{""""name"""":""""rect"""",""""x"""":2974,""""y"""":1503,""""width"""":1588,""""height"""":1058}"",""{"""""""":"""""""",""""object"""":""""passage-pieton""""}"""
"FHD0145.JPG,4497489,""{}"",2,0,""{""""name"""":""""rect"""",""""x"""":4345,""""y"""":753,""""width"""":224,""""height"""":888}"",""{"""""""":"""""""",""""object"""":""""pieton""""}"""
"FHD0145.JPG,4497489,""{}"",2,1,""{""""name"""":""""rect"""",""""x"""":3059,""""y"""":1468,""""width"""":1541,""""height"""":1093}"",""{"""""""":"""""""",""""object"""":""""passage-pieton""""}"""
"FHD0146.JPG,4509995,""{}"",2,0,""{""""name"""":""""rect"""",""""x"""":4392,""""y"""":784,""""width"""":193,""""height"""":892}"",""{"""""""":"""""""",""""object"""":""""pieton""""}"""
"FHD0146.JPG,4509995,""{}"",2,1,""{""""name"""":""""rect"""",""""x"""":3059,""""y"""":1487,""""width"""":1541,""""height"""":1089}"",""{"""""""":"""""""",""""object"""":""""passage-pieton""""}"""
"FHD0147.JPG,4485306,""{}"",2,0,""{""""name"""":""""rect"""",""""x"""":3059,""""y"""":1495,""""width"""":1530,""""height"""":1050}"",""{"""""""":"""""""",""""object"""":""""passage-pieton""""}"""
"FHD0147.JPG,4485306,""{}"",2,1,""{""""name"""":""""rect"""",""""x"""":3147,""""y"""":967,""""width"""":289,""""height"""":689}"",""{"""""""":"""""""",""""object"""":""""pieton""""}"""
"FHD0148.JPG,4452152,""{}"",4,0,""{""""name"""":""""rect"""",""""x"""":4121,""""y"""":780,""""width"""":476,""""height"""":1054}"",""{"""""""":"""""""",""""object"""":""""pieton""""}"""
"FHD0148.JPG,4452152,""{}"",4,1,""{""""name"""":""""rect"""",""""x"""":3291,""""y"""":1077,""""width"""":323,""""height"""":685}"",""{"""""""":"""""""",""""object"""":""""pieton""""}"""
"FHD0148.JPG,4452152,""{}"",4,2,""{""""name"""":""""rect"""",""""x"""":2823,""""y"""":1145,""""width"""":316,""""height"""":647}"",""{"""""""":"""""""",""""object"""":""""pieton""""}"""
"FHD0148.JPG,4452152,""{}"",4,3,""{""""name"""":""""rect"""",""""x"""":2702,""""y"""":1549,""""width"""":1853,""""height"""":1005}"",""{"""""""":"""""""",""""object"""":""""passage-pieton""""}"""
"FHD0149.JPG,4461476,""{}"",4,0,""{""""name"""":""""rect"""",""""x"""":3364,""""y"""":1078,""""width"""":290,""""height"""":664}"",""{"""""""":"""""""",""""object"""":""""pieton""""}"""
"FHD0149.JPG,4461476,""{}"",4,1,""{""""name"""":""""rect"""",""""x"""":4179,""""y"""":722,""""width"""":406,""""height"""":1089}"",""{"""""""":"""""""",""""object"""":""""pieton""""}"""
"FHD0149.JPG,4461476,""{}"",4,2,""{""""name"""":""""rect"""",""""x"""":2820,""""y"""":1124,""""width"""":340,""""height"""":649}"",""{"""""""":"""""""",""""object"""":""""pieton""""}"""
"FHD0149.JPG,4461476,""{}"",4,3,""{""""name"""":""""rect"""",""""x"""":2735,""""y"""":1371,""""width"""":1862,""""height"""":1213}"",""{"""""""":"""""""",""""object"""":""""passage-pieton""""}"""
"FHD0150.JPG,4436104,""{}"",4,0,""{""""name"""":""""rect"""",""""x"""":3376,""""y"""":1058,""""width"""":367,""""height"""":715}"",""{"""""""":"""""""",""""object"""":""""pieton""""}"""
"FHD0150.JPG,4436104,""{}"",4,1,""{""""name"""":""""rect"""",""""x"""":4226,""""y"""":711,""""width"""":382,""""height"""":1089}"",""{"""""""":"""""""",""""object"""":""""pieton""""}"""
"FHD0150.JPG,4436104,""{}"",4,2,""{""""name"""":""""rect"""",""""x"""":2812,""""y"""":1124,""""width"""":321,""""height"""":660}"",""{"""""""":"""""""",""""object"""":""""pieton""""}"""
"FHD0150.JPG,4436104,""{}"",4,3,""{""""name"""":""""rect"""",""""x"""":2781,""""y"""":1363,""""width"""":1808,""""height"""":1201}"",""{"""""""":"""""""",""""object"""":""""passage-pieton""""}"""
filename,file_size,file_attributes,region_count,region_id,region_shape_attributes,region_attributes
FHD0051.JPG,4520673,"{}",1,0,"{""name"":""polyline"",""all_points_x"":[3355,1983,901,2764,3360,3346],""all_points_y"":[1673,1345,1687,2570,1678,1673]}","{""object"":""passage-pieton""}"
FHD0052.JPG,4487721,"{}",4,0,"{""name"":""polyline"",""all_points_x"":[3448,2362,3411,4585,3448],""all_points_y"":[2232,1322,1179,1544,2228]}","{""object"":""passage-pieton""}"
FHD0052.JPG,4487721,"{}",4,1,"{""name"":""rect"",""x"":2454,""y"":601,""width"":171,""height"":430}","{""object"":""pieton""}"
FHD0052.JPG,4487721,"{}",4,2,"{""name"":""rect"",""x"":2727,""y"":619,""width"":166,""height"":485}","{""object"":""pieton""}"
FHD0052.JPG,4487721,"{}",4,3,"{""name"":""rect"",""x"":2639,""y"":661,""width"":120,""height"":351}","{""object"":""pieton""}"
FHD0053.JPG,4405773,"{}",4,0,"{""name"":""polyline"",""all_points_x"":[3466,2431,3508,4599,3466],""all_points_y"":[1280,1410,2339,1636,1280]}","{""object"":""passage-pieton""}"
FHD0053.JPG,4405773,"{}",4,1,"{""name"":""rect"",""x"":2833,""y"":735,""width"":111,""height"":476}","{""object"":""pieton""}"
FHD0053.JPG,4405773,"{}",4,2,"{""name"":""rect"",""x"":2704,""y"":749,""width"":120,""height"":356}","{""object"":""pieton""}"
FHD0053.JPG,4405773,"{}",4,3,"{""name"":""rect"",""x"":2547,""y"":670,""width"":166,""height"":462}","{""object"":""pieton""}"
FHD0054.JPG,4375867,"{}",4,0,"{""name"":""polyline"",""all_points_x"":[3655,2640,3698,4584,3674],""all_points_y"":[2240,1363,1229,1558,2244]}","{""object"":""passage-pieton""}"
FHD0054.JPG,4375867,"{}",4,1,"{""name"":""rect"",""x"":3018,""y"":670,""width"":134,""height"":495}","{""object"":""pieton""}"
FHD0054.JPG,4375867,"{}",4,2,"{""name"":""rect"",""x"":2916,""y"":693,""width"":111,""height"":379}","{""object"":""pieton""}"
FHD0054.JPG,4375867,"{}",4,3,"{""name"":""rect"",""x"":2708,""y"":615,""width"":222,""height"":467}","{""object"":""pieton""}"
FHD0055.JPG,4438460,"{}",3,0,"{""name"":""polyline"",""all_points_x"":[2648,3642,4590,3711,2639],""all_points_y"":[1248,1091,1437,2172,1243]}","{""object"":""passage-pieton""}"
FHD0055.JPG,4438460,"{}",3,1,"{""name"":""rect"",""x"":2782,""y"":559,""width"":231,""height"":619}","{""object"":""pieton""}"
FHD0055.JPG,4438460,"{}",3,2,"{""name"":""rect"",""x"":3041,""y"":596,""width"":180,""height"":458}","{""object"":""pieton""}"
FHD0056.JPG,4409136,"{}",3,0,"{""name"":""polyline"",""all_points_x"":[2602,3697,4594,3697,2625,2597],""all_points_y"":[1243,1137,1424,2191,1257,1243]}","{""object"":""passage-pieton""}"
FHD0056.JPG,4409136,"{}",3,1,"{""name"":""rect"",""x"":2805,""y"":564,""width"":194,""height"":633}","{""object"":""pieton""}"
FHD0056.JPG,4409136,"{}",3,2,"{""name"":""rect"",""x"":3018,""y"":596,""width"":148,""height"":495}","{""object"":""pieton""}"
FHD0057.JPG,4431879,"{}",3,0,"{""name"":""polyline"",""all_points_x"":[2593,3702,4580,3665,2597],""all_points_y"":[1257,2218,1461,1146,1253]}","{""object"":""passage-pieton""}"
FHD0057.JPG,4431879,"{}",3,1,"{""name"":""rect"",""x"":2796,""y"":532,""width"":199,""height"":698}","{""object"":""pieton""}"
FHD0057.JPG,4431879,"{}",3,2,"{""name"":""rect"",""x"":3023,""y"":605,""width"":162,""height"":481}","{""object"":""pieton""}"
FHD0058.JPG,4506046,"{}",3,0,"{""name"":""polyline"",""all_points_x"":[2722,3725,4580,3744,2690],""all_points_y"":[1303,1188,1474,2246,1290]}","{""object"":""passage-pieton""}"
FHD0058.JPG,4506046,"{}",3,1,"{""name"":""rect"",""x"":2903,""y"":578,""width"":166,""height"":666}","{""object"":""pieton""}"
FHD0058.JPG,4506046,"{}",3,2,"{""name"":""rect"",""x"":3138,""y"":652,""width"":129,""height"":504}","{""object"":""pieton""}"
FHD0059.JPG,4169334,"{}",2,0,"{""name"":""polyline"",""all_points_x"":[2810,3605,4534,3813,2796],""all_points_y"":[1322,1225,2071,2329,1317]}","{""object"":""passage-pieton""}"
FHD0059.JPG,4169334,"{}",2,1,"{""name"":""rect"",""x"":2940,""y"":596,""width"":226,""height"":670}","{""object"":""pieton""}"
FHD0060.JPG,3984702,"{}",2,0,"{""name"":""polyline"",""all_points_x"":[2810,3841,4594,3397,2815],""all_points_y"":[1387,2357,2052,1317,1391]}","{""object"":""passage-pieton""}"
FHD0060.JPG,3984702,"{}",2,1,"{""name"":""rect"",""x"":3009,""y"":693,""width"":203,""height"":624}","{""object"":""pieton""}"
FHD0061.JPG,4525112,"{}",3,0,"{""name"":""polyline"",""all_points_x"":[2842,3892,4261,3392,2847],""all_points_y"":[1419,2459,2292,1336,1428]}","{""object"":""passage-pieton""}"
FHD0061.JPG,4525112,"{}",3,1,"{""name"":""rect"",""x"":3342,""y"":726,""width"":282,""height"":763}","{""object"":""pieton""}"
FHD0061.JPG,4525112,"{}",3,2,"{""name"":""rect"",""x"":3087,""y"":804,""width"":153,""height"":430}","{""object"":""pieton""}"
FHD0062.JPG,4470601,"{}",4,0,"{""name"":""polyline"",""all_points_x"":[2852,3882,4358,3439,2847],""all_points_y"":[1405,2459,2320,1345,1405]}","{""object"":""passage-pieton""}"
FHD0062.JPG,4470601,"{}",4,1,"{""name"":""rect"",""x"":3101,""y"":781,""width"":129,""height"":476}","{""object"":""pieton""}"
FHD0062.JPG,4470601,"{}",4,2,"{""name"":""rect"",""x"":3388,""y"":698,""width"":185,""height"":749}","{""object"":""pieton""}"
FHD0062.JPG,4470601,"{}",4,3,"{""name"":""rect"",""x"":3263,""y"":772,""width"":139,""height"":508}","{""object"":""pieton""}"
FHD0063.JPG,4464350,"{}",4,0,"{""name"":""polyline"",""all_points_x"":[2866,3522,4317,3845,2838],""all_points_y"":[1424,1377,2292,2408,1414]}","{""object"":""passage-pieton""}"
FHD0063.JPG,4464350,"{}",4,1,"{""name"":""rect"",""x"":3097,""y"":772,""width"":106,""height"":462}","{""object"":""pieton""}"
FHD0063.JPG,4464350,"{}",4,2,"{""name"":""rect"",""x"":3388,""y"":698,""width"":176,""height"":758}","{""object"":""pieton""}"
FHD0063.JPG,4464350,"{}",4,3,"{""name"":""rect"",""x"":3286,""y"":772,""width"":139,""height"":513}","{""object"":""pieton""}"
FHD0064.JPG,4649416,"{}",3,0,"{""name"":""polyline"",""all_points_x"":[2408,3508,3845,3009,2413],""all_points_y"":[1474,2366,2246,1359,1474]}","{""object"":""passage-pieton""}"
FHD0064.JPG,4649416,"{}",3,1,"{""name"":""rect"",""x"":2574,""y"":827,""width"":171,""height"":490}","{""object"":""pieton""}"
FHD0064.JPG,4649416,"{}",3,2,"{""name"":""rect"",""x"":2792,""y"":804,""width"":139,""height"":495}","{""object"":""pieton""}"
FHD0066.JPG,4664524,"{}",3,0,"{""name"":""polyline"",""all_points_x"":[2376,3540,3938,2995,2380],""all_points_y"":[1493,2431,2274,1377,1488]}","{""object"":""passage-pieton""}"
FHD0066.JPG,4664524,"{}",3,1,"{""name"":""rect"",""x"":2565,""y"":827,""width"":208,""height"":536}","{""object"":""pieton""}"
FHD0066.JPG,4664524,"{}",3,2,"{""name"":""rect"",""x"":2805,""y"":846,""width"":189,""height"":462}","{""object"":""pieton""}"
FHD0067.JPG,4293354,"{}",2,0,"{""name"":""polyline"",""all_points_x"":[2408,2796,3046,2976,2394],""all_points_y"":[1521,1447,1710,1978,1521]}","{""object"":""passage-pieton""}"
FHD0067.JPG,4293354,"{}",2,1,"{""name"":""rect"",""x"":2634,""y"":887,""width"":236,""height"":573}","{""object"":""pieton""}"
FHD0068.JPG,4283518,"{}",2,0,"{""name"":""polyline"",""all_points_x"":[2376,2967,2940,2708,2376],""all_points_y"":[1516,1974,1534,1456,1521]}","{""object"":""passage-pieton""}"
FHD0068.JPG,4283518,"{}",2,1,"{""name"":""rect"",""x"":2611,""y"":887,""width"":305,""height"":587}","{""object"":""pieton""}"
FHD0069.JPG,4266633,"{}",2,0,"{""name"":""polyline"",""all_points_x"":[2353,2995,2926,2690,2357],""all_points_y"":[1511,1997,1548,1470,1511]}","{""object"":""passage-pieton""}"
FHD0069.JPG,4266633,"{}",2,1,"{""name"":""rect"",""x"":2616,""y"":887,""width"":287,""height"":629}","{""object"":""pieton""}"
FHD0070.JPG,4566056,"{}",1,0,"{""name"":""polyline"",""all_points_x"":[2385,2986,2916,2727,2390],""all_points_y"":[1562,2052,1567,1484,1562]}","{""object"":""passage-pieton""}"
FHD0071.JPG,4524646,"{}",2,0,"{""name"":""polyline"",""all_points_x"":[2399,3027,2935,2736,2403],""all_points_y"":[1581,2084,1599,1507,1581]}","{""object"":""passage-pieton""}"
FHD0071.JPG,4524646,"{}",2,1,"{""name"":""rect"",""x"":2500,""y"":915,""width"":263,""height"":703}","{""object"":""pieton""}"
FHD0072.JPG,4480414,"{}",2,0,"{""name"":""polyline"",""all_points_x"":[2514,3074,3004,2847,2524],""all_points_y"":[1581,2075,1590,1534,1581]}","{""object"":""passage-pieton""}"
FHD0072.JPG,4480414,"{}",2,1,"{""name"":""rect"",""x"":2611,""y"":934,""width"":259,""height"":721}","{""object"":""pieton""}"
FHD0073.JPG,4448384,"{}",6,0,"{""name"":""polyline"",""all_points_x"":[2611,3753,4594,3721,2611],""all_points_y"":[1382,2394,2066,1262,1387]}","{""object"":""passage-pieton""}"
FHD0073.JPG,4448384,"{}",6,1,"{""name"":""rect"",""x"":3896,""y"":596,""width"":171,""height"":1257}","{""object"":""pieton""}"
FHD0073.JPG,4448384,"{}",6,2,"{""name"":""rect"",""x"":4058,""y"":518,""width"":305,""height"":1086}","{""object"":""pieton""}"
FHD0073.JPG,4448384,"{}",6,3,"{""name"":""rect"",""x"":3411,""y"":707,""width"":194,""height"":652}","{""object"":""pieton""}"
FHD0073.JPG,4448384,"{}",6,4,"{""name"":""rect"",""x"":2898,""y"":989,""width"":129,""height"":374}","{""object"":""pieton""}"
FHD0073.JPG,4448384,"{}",6,5,"{""name"":""rect"",""x"":3018,""y"":809,""width"":226,""height"":513}","{""object"":""pieton""}"
FHD0074.JPG,4426331,"{}",6,0,"{""name"":""polyline"",""all_points_x"":[2630,3758,4603,3550,2634],""all_points_y"":[1400,2403,2066,1266,1400]}","{""object"":""passage-pieton""}"
FHD0074.JPG,4426331,"{}",6,1,"{""name"":""rect"",""x"":2981,""y"":800,""width"":217,""height"":485}","{""object"":""pieton""}"
FHD0074.JPG,4426331,"{}",6,2,"{""name"":""rect"",""x"":2856,""y"":994,""width"":176,""height"":347}","{""object"":""pieton""}"
FHD0074.JPG,4426331,"{}",6,3,"{""name"":""rect"",""x"":3397,""y"":716,""width"":222,""height"":675}","{""object"":""pieton""}"
FHD0074.JPG,4426331,"{}",6,4,"{""name"":""rect"",""x"":3822,""y"":610,""width"":384,""height"":1257}","{""object"":""pieton""}"
FHD0074.JPG,4426331,"{}",6,5,"{""name"":""rect"",""x"":3993,""y"":513,""width"":356,""height"":1072}","{""object"":""pieton""}"
FHD0075.JPG,4420810,"{}",5,0,"{""name"":""polyline"",""all_points_x"":[2648,3753,4590,3369,2653],""all_points_y"":[1405,2403,2084,1299,1410]}","{""object"":""passage-pieton""}"
FHD0075.JPG,4420810,"{}",5,1,"{""name"":""rect"",""x"":3859,""y"":601,""width"":481,""height"":1280}","{""object"":""passage-pieton""}"
FHD0075.JPG,4420810,"{}",5,2,"{""name"":""rect"",""x"":3406,""y"":721,""width"":199,""height"":661}","{""object"":""pieton""}"
FHD0075.JPG,4420810,"{}",5,3,"{""name"":""rect"",""x"":2972,""y"":818,""width"":222,""height"":458}","{""object"":""pieton""}"
FHD0075.JPG,4420810,"{}",5,4,"{""name"":""rect"",""x"":2866,""y"":1008,""width"":171,""height"":347}","{""object"":""pieton""}"
FHD0076.JPG,4435820,"{}",4,0,"{""name"":""rect"",""x"":3351,""y"":911,""width"":185,""height"":781}","{""object"":""pieton""}"
FHD0076.JPG,4435820,"{}",4,1,"{""name"":""rect"",""x"":3184,""y"":1017,""width"":180,""height"":582}","{""object"":""pieton""}"
FHD0076.JPG,4435820,"{}",4,2,"{""name"":""rect"",""x"":3037,""y"":1082,""width"":157,""height"":416}","{""object"":""pieton""}"
FHD0076.JPG,4435820,"{}",4,3,"{""name"":""polyline"",""all_points_x"":[2824,3845,4580,4590,3702,2833],""all_points_y"":[1701,2584,2168,1692,1521,1696]}","{""object"":""passage-pieton""}"
FHD0077.JPG,4410294,"{}",4,0,"{""name"":""rect"",""x"":3286,""y"":911,""width"":268,""height"":827}","{""object"":""pieton""}"
FHD0077.JPG,4410294,"{}",4,1,"{""name"":""rect"",""x"":3226,""y"":1035,""width"":143,""height"":601}","{""object"":""pieton""}"
FHD0077.JPG,4410294,"{}",4,2,"{""name"":""rect"",""x"":3083,""y"":1100,""width"":162,""height"":407}","{""object"":""pieton""}"
FHD0077.JPG,4410294,"{}",4,3,"{""name"":""polyline"",""all_points_x"":[2831,3817,4274,4579,4598,3745,2835],""all_points_y"":[1706,2588,2554,2230,1749,1549,1711]}","{""object"":""passage-pieton""}"
FHD0078.JPG,4401663,"{}",4,0,"{""name"":""polyline"",""all_points_x"":[2852,3827,4358,4594,4594,3697,2847],""all_points_y"":[1692,2588,2510,2223,1738,1548,1692]}","{""object"":""passage-pieton""}"
FHD0078.JPG,4401663,"{}",4,1,"{""name"":""rect"",""x"":3295,""y"":906,""width"":273,""height"":804}","{""object"":""pieton""}"
FHD0078.JPG,4401663,"{}",4,2,"{""name"":""rect"",""x"":3212,""y"":1017,""width"":203,""height"":559}","{""object"":""pieton""}"
FHD0078.JPG,4401663,"{}",4,3,"{""name"":""rect"",""x"":3078,""y"":1072,""width"":199,""height"":430}","{""object"":""pieton""}"
FHD0079.JPG,4464262,"{}",4,0,"{""name"":""polyline"",""all_points_x"":[2140,3286,3942,4437,3037,2145],""all_points_y"":[1682,2528,2311,1705,1493,1682]}","{""object"":""passage-pieton""}"
FHD0079.JPG,4464262,"{}",4,1,"{""name"":""rect"",""x"":2547,""y"":1049,""width"":189,""height"":453}","{""object"":""pieton""}"
FHD0079.JPG,4464262,"{}",4,2,"{""name"":""rect"",""x"":2260,""y"":989,""width"":185,""height"":434}","{""object"":""pieton""}"
FHD0079.JPG,4464262,"{}",4,3,"{""name"":""rect"",""x"":1682,""y"":994,""width"":305,""height"":827}","{""object"":""pieton""}"
FHD0080.JPG,4455373,"{}",4,0,"{""name"":""polyline"",""all_points_x"":[3425,2149,3069,4506,3420],""all_points_y"":[2579,1682,1516,1766,2574]}","{""object"":""passage-pieton""}"
FHD0080.JPG,4455373,"{}",4,1,"{""name"":""rect"",""x"":1752,""y"":994,""width"":374,""height"":855}","{""object"":""pieton""}"
FHD0080.JPG,4455373,"{}",4,2,"{""name"":""rect"",""x"":2306,""y"":1021,""width"":185,""height"":430}","{""object"":""pieton""}"
FHD0080.JPG,4455373,"{}",4,3,"{""name"":""rect"",""x"":2597,""y"":1058,""width"":157,""height"":462}","{""object"":""pieton""}"
FHD0081.JPG,4437474,"{}",4,0,"{""name"":""polyline"",""all_points_x"":[2168,3383,4562,3064,2177],""all_points_y"":[1696,2584,1789,1534,1696]}","{""object"":""passage-pieton""}"
FHD0081.JPG,4437474,"{}",4,1,"{""name"":""rect"",""x"":1789,""y"":980,""width"":337,""height"":869}","{""object"":""pieton""}"
FHD0081.JPG,4437474,"{}",4,2,"{""name"":""rect"",""x"":2662,""y"":1086,""width"":139,""height"":421}","{""object"":""pieton""}"
FHD0081.JPG,4437474,"{}",4,3,"{""name"":""rect"",""x"":2362,""y"":1035,""width"":185,""height"":448}","{""object"":""pieton""}"
FHD0082.JPG,4516021,"{}",2,0,"{""name"":""polyline"",""all_points_x"":[2362,3439,4132,4557,4590,3231,2362],""all_points_y"":[1779,2588,2450,2038,1812,1636,1784]}","{""object"":""passage-pieton""}"
FHD0082.JPG,4516021,"{}",2,1,"{""name"":""rect"",""x"":2764,""y"":1063,""width"":268,""height"":661}","{""object"":""pieton""}"
FHD0083.JPG,4510353,"{}",2,0,"{""name"":""polyline"",""all_points_x"":[2380,3420,4113,4553,4590,3226,2385],""all_points_y"":[1779,2588,2473,2205,1816,1622,1784]}","{""object"":""passage-pieton""}"
FHD0083.JPG,4510353,"{}",2,1,"{""name"":""rect"",""x"":2801,""y"":1058,""width"":287,""height"":679}","{""object"":""pieton""}"
FHD0084.JPG,4503387,"{}",2,0,"{""name"":""polyline"",""all_points_x"":[2408,3448,4215,4599,3212,2413],""all_points_y"":[1816,2588,2422,1853,1641,1821]}","{""object"":""passage-pieton""}"
FHD0084.JPG,4503387,"{}",2,1,"{""name"":""rect"",""x"":2824,""y"":1045,""width"":287,""height"":707}","{""object"":""pieton""}"
FHD0085.JPG,4419998,"{}",3,0,"{""name"":""polyline"",""all_points_x"":[2334,3406,3734,4566,3198,2357],""all_points_y"":[1761,2588,2584,1853,1627,1766]}","{""object"":""passage-pieton""}"
FHD0085.JPG,4419998,"{}",3,1,"{""name"":""rect"",""x"":4303,""y"":753,""width"":282,""height"":1142}","{""object"":""pieton""}"
FHD0085.JPG,4419998,"{}",3,2,"{""name"":""rect"",""x"":2750,""y"":1137,""width"":189,""height"":458}","{""object"":""pieton""}"
FHD0086.JPG,4400379,"{}",3,0,"{""name"":""polyline"",""all_points_x"":[2343,3365,3929,4576,4460,3305,2353],""all_points_y"":[1789,2584,2547,1997,1775,1608,1793]}","{""object"":""passage-pieton""}"
FHD0086.JPG,4400379,"{}",3,1,"{""name"":""rect"",""x"":2755,""y"":1160,""width"":166,""height"":467}","{""object"":""pieton""}"
FHD0086.JPG,4400379,"{}",3,2,"{""name"":""rect"",""x"":4437,""y"":758,""width"":162,""height"":1095}","{""object"":""pieton""}"
FHD0087.JPG,4398907,"{}",3,0,"{""name"":""polyline"",""all_points_x"":[2376,3351,3832,4345,4599,3337,2403],""all_points_y"":[1816,2574,2574,2380,1863,1645,1830]}","{""object"":""passage-pieton""}"
FHD0087.JPG,4398907,"{}",3,1,"{""name"":""rect"",""x"":4460,""y"":975,""width"":148,""height"":929}","{""object"":""pieton""}"
FHD0087.JPG,4398907,"{}",3,2,"{""name"":""rect"",""x"":2759,""y"":1165,""width"":176,""height"":495}","{""object"":""pieton""}"
FHD0088.JPG,4508218,"{}",2,0,"{""name"":""polyline"",""all_points_x"":[2394,3342,3947,4576,4599,3416,2408],""all_points_y"":[1867,2574,2533,2043,1821,1668,1867]}","{""object"":""passage-pieton""}"
FHD0088.JPG,4508218,"{}",2,1,"{""name"":""rect"",""x"":2759,""y"":1234,""width"":171,""height"":453}","{""object"":""pieton""}"
FHD0089.JPG,4507547,"{}",2,0,"{""name"":""polyline"",""all_points_x"":[2385,3351,4063,4585,4585,3332,2403],""all_points_y"":[1876,2588,2528,2195,1816,1659,1876]}","{""object"":""passage-pieton""}"
FHD0089.JPG,4507547,"{}",2,1,"{""name"":""rect"",""x"":2768,""y"":1220,""width"":162,""height"":467}","{""object"":""pieton""}"
FHD0090.JPG,4505748,"{}",2,0,"{""name"":""polyline"",""all_points_x"":[2348,3346,3993,4562,4594,3249,2353],""all_points_y"":[1881,2584,2579,2232,1816,1678,1881]}","{""object"":""passage-pieton""}"
FHD0090.JPG,4505748,"{}",2,1,"{""name"":""rect"",""x"":2755,""y"":1239,""width"":171,""height"":448}","{""object"":""pieton""}"
FHD0091.JPG,4427045,"{}",3,0,"{""name"":""polyline"",""all_points_x"":[2297,3392,4012,4529,4594,3337,2306],""all_points_y"":[1858,2570,2542,2353,1779,1632,1867]}","{""object"":""passage-pieton""}"
FHD0091.JPG,4427045,"{}",3,1,"{""name"":""rect"",""x"":2732,""y"":1197,""width"":180,""height"":467}","{""object"":""pieton""}"
FHD0091.JPG,4427045,"{}",3,2,"{""name"":""rect"",""x"":3674,""y"":471,""width"":846,""height"":2103}","{""object"":""pieton""}"
FHD0092.JPG,4445139,"{}",3,0,"{""name"":""polyline"",""all_points_x"":[2334,3360,4049,4516,4603,3332,2329],""all_points_y"":[1876,2588,2556,2445,1793,1655,1876]}","{""object"":""passage-pieton""}"
FHD0092.JPG,4445139,"{}",3,1,"{""name"":""rect"",""x"":3610,""y"":578,""width"":804,""height"":2011}","{""object"":""pieton""}"
FHD0092.JPG,4445139,"{}",3,2,"{""name"":""rect"",""x"":2722,""y"":1211,""width"":194,""height"":458}","{""object"":""pieton""}"
FHD0093.JPG,4418136,"{}",3,0,"{""name"":""polyline"",""all_points_x"":[2325,3295,4095,4479,4599,3374,2334],""all_points_y"":[1881,2584,2565,2473,1812,1668,1881]}","{""object"":""passage-pieton""}"
FHD0093.JPG,4418136,"{}",3,1,"{""name"":""rect"",""x"":3610,""y"":619,""width"":656,""height"":1950}","{""object"":""pieton""}"
FHD0093.JPG,4418136,"{}",3,2,"{""name"":""rect"",""x"":2736,""y"":1206,""width"":157,""height"":481}","{""object"":""pieton""}"
FHD0094.JPG,4465228,"{}",2,0,"{""name"":""polyline"",""all_points_x"":[2463,3411,4386,4580,4599,3392,2473],""all_points_y"":[1946,2584,2500,2302,1821,1696,1937]}","{""object"":""passage-pieton""}"
FHD0094.JPG,4465228,"{}",2,1,"{""name"":""rect"",""x"":2755,""y"":1197,""width"":222,""height"":629}","{""object"":""pieton""}"
FHD0095.JPG,4482293,"{}",2,0,"{""name"":""polyline"",""all_points_x"":[2463,3406,4520,4594,3383,2477],""all_points_y"":[1946,2579,2477,1816,1719,1946]}","{""object"":""passage-pieton""}"
FHD0095.JPG,4482293,"{}",2,1,"{""name"":""rect"",""x"":2732,""y"":1229,""width"":226,""height"":587}","{""object"":""pieton""}"
FHD0096.JPG,4476210,"{}",2,0,"{""name"":""polyline"",""all_points_x"":[2459,3411,4271,4580,4599,3462,2468],""all_points_y"":[1941,2579,2561,2311,1826,1715,1941]}","{""object"":""passage-pieton""}"
FHD0096.JPG,4476210,"{}",2,1,"{""name"":""rect"",""x"":2718,""y"":1234,""width"":236,""height"":605}","{""object"":""pieton""}"
FHD0097.JPG,4475122,"{}",3,0,"{""name"":""polyline"",""all_points_x"":[2477,3425,4363,4594,4580,3490,2487],""all_points_y"":[1987,2588,2561,2320,1812,1752,1983]}","{""object"":""passage-pieton""}"
FHD0097.JPG,4475122,"{}",3,1,"{""name"":""rect"",""x"":3055,""y"":1058,""width"":365,""height"":1132}","{""object"":""pieton""}"
FHD0097.JPG,4475122,"{}",3,2,"{""name"":""rect"",""x"":2630,""y"":1155,""width"":402,""height"":1123}","{""object"":""pieton""}"
FHD0098.JPG,4457306,"{}",3,0,"{""name"":""polyline"",""all_points_x"":[2450,3416,4206,4590,4580,3462,2459],""all_points_y"":[1983,2579,2570,2320,1830,1766,1983]}","{""object"":""passage-pieton""}"
FHD0098.JPG,4457306,"{}",3,1,"{""name"":""rect"",""x"":2648,""y"":1165,""width"":411,""height"":1086}","{""object"":""pieton""}"
FHD0098.JPG,4457306,"{}",3,2,"{""name"":""rect"",""x"":3074,""y"":1058,""width"":324,""height"":1045}","{""object"":""pieton""}"
FHD0099.JPG,4458914,"{}",3,0,"{""name"":""polyline"",""all_points_x"":[2459,3300,4312,4576,4590,3397,2477],""all_points_y"":[1997,2584,2547,2316,1863,1742,1987]}","{""object"":""passage-pieton""}"
FHD0099.JPG,4458914,"{}",3,1,"{""name"":""rect"",""x"":2671,""y"":1160,""width"":374,""height"":1040}","{""object"":""pieton""}"
FHD0099.JPG,4458914,"{}",3,2,"{""name"":""rect"",""x"":3074,""y"":1068,""width"":342,""height"":1054}","{""object"":""pieton""}"
FHD0100.JPG,4453329,"{}",3,0,"{""name"":""polyline"",""all_points_x"":[2519,3351,4164,4603,4580,2921,2524],""all_points_y"":[2011,2579,2588,2168,1849,1886,2001]}","{""object"":""passage-pieton""}"
FHD0100.JPG,4453329,"{}",3,1,"{""name"":""rect"",""x"":2736,""y"":1326,""width"":180,""height"":615}","{""object"":""pieton""}"
FHD0100.JPG,4453329,"{}",3,2,"{""name"":""rect"",""x"":2875,""y"":1257,""width"":139,""height"":624}","{""object"":""pieton""}"filename,file_size,file_attributes,region_count,region_id,region_shape_attributes,region_attributes
"FHD0001.JPG,4354752,""{}"",2,0,""{""""name"""":""""rect"""",""""x"""":1366,""""y"""":867,""""width"""":388,""""height"""":795}"",""{""""objet"""":""""pieton""""}"""
"FHD0001.JPG,4354752,""{}"",2,1,""{""""name"""":""""polyline"""",""""all_points_x"""":[2953,1960,2108,2713,2960],""""all_points_y"""":[1511,1484,1267,1279,1507]}"",""{""""objet"""":""""passage-pieton""""}"""
"FHD0002.JPG,4348183,""{}"",2,0,""{""""name"""":""""rect"""",""""x"""":1720,""""y"""":822,""""width"""":270,""""height"""":841}"",""{""""objet"""":""""pieton""""}"""
"FHD0002.JPG,4348183,""{}"",2,1,""{""""name"""":""""polyline"""",""""all_points_x"""":[2976,2724,2123,2001,2976],""""all_points_y"""":[1473,1240,1206,1442,1476]}"",""{""""objet"""":""""passage-pieton""""}"""
"FHD0003.JPG,4338200,""{}"",2,0,""{""""name"""":""""rect"""",""""x"""":1994,""""y"""":810,""""width"""":209,""""height"""":830}"",""{""""objet"""":""""pieton""""}"""
"FHD0003.JPG,4338200,""{}"",2,1,""{""""name"""":""""polyline"""",""""all_points_x"""":[2991,2702,2108,1948,2991],""""all_points_y"""":[1446,1199,1168,1446,1446]}"",""{""""objet"""":""""passage-pieton""""}"""
"FHD0004.JPG,4634658,""{}"",1,0,""{""""name"""":""""polyline"""",""""all_points_x"""":[1659,3158,4406,308,1667],""""all_points_y"""":[1096,1123,2565,2527,1096]}"",""{""""objet"""":""""passage-pieton""""}"""
"FHD0005.JPG,4622661,""{}"",1,0,""{""""name"""":""""polyline"""",""""all_points_x"""":[1644,3161,4373,274,1648],""""all_points_y"""":[1157,1126,2572,2567,1145]}"",""{""""objet"""":""""passage-pieton""""}"""
"FHD0006.JPG,4629830,""{}"",1,0,""{""""name"""":""""polyline"""",""""all_points_x"""":[1344,3237,4399,188,1355],""""all_points_y"""":[1182,1218,2557,2456,1172]}"",""{""""objet"""":""""passage-pieton""""}"""
"FHD0007.JPG,4628284,""{}"",1,0,""{""""name"""":""""polyline"""",""""all_points_x"""":[1532,3196,4394,304,1547],""""all_points_y"""":[1187,1213,2537,2461,1187]}"",""{""""objet"""":""""passage-pieton""""}"""
"FHD0008.JPG,4634559,""{}"",1,0,""{""""name"""":""""polyline"""",""""all_points_x"""":[1634,320,4465,3176,1634],""""all_points_y"""":[1136,2562,2466,1111,1136]}"",""{""""objet"""":""""passage-pieton""""}"""
"FHD0009.JPG,4577930,""{}"",1,0,""{""""name"""":""""polyline"""",""""all_points_x"""":[1629,3206,4378,254,1634],""""all_points_y"""":[1202,1213,2511,2481,1197]}"",""{""""objet"""":""""passage-pieton""""}"""
"FHD0010.JPG,4623715,""{}"",1,0,""{""""name"""":""""polyline"""",""""all_points_x"""":[1624,3308,4358,355,1634],""""all_points_y"""":[1238,1299,2552,2476,1238]}"",""{""""objet"""":""""passage-pieton""""}"""
"FHD0011.JPG,4596338,""{}"",1,0,""{""""name"""":""""polyline"""",""""all_points_x"""":[1695,294,4383,3176,1695],""""all_points_y"""":[1258,2537,2466,1268,1258]}"",""{""""objet"""":""""passage-pieton""""}"""
"FHD0012.JPG,4638955,""{}"",1,0,""{""""name"""":""""polyline"""",""""all_points_x"""":[1735,284,4312,3176,1720],""""all_points_y"""":[1253,2557,2476,1258,1243]}"",""{""""objet"""":""""passage-pieton""""}"""
"FHD0013.JPG,4652057,""{}"",1,0,""{""""name"""":""""polyline"""",""""all_points_x"""":[1745,320,4515,3257,1730],""""all_points_y"""":[979,2405,2491,999,984]}"",""{""""objet"""":""""passage-pieton""""}"""
"FHD0014.JPG,4609678,""{}"",1,0,""{""""name"""":""""polyline"""",""""all_points_x"""":[1689,3349,4460,315,1684],""""all_points_y"""":[984,1025,2476,2359,974]}"",""{""""objet"""":""""passage-pieton""""}"""
"FHD0015.JPG,4638508,""{}"",1,0,""{""""name"""":""""polyline"""",""""all_points_x"""":[1771,340,4526,3338,1755],""""all_points_y"""":[994,2374,2425,1015,994]}"",""{""""objet"""":""""passage-pieton""""}"""
"FHD0016.JPG,4681446,""{}"",1,0,""{""""name"""":""""polyline"""",""""all_points_x"""":[1720,289,4510,3328,1720],""""all_points_y"""":[1055,2395,2476,1106,1055]}"",""{""""objet"""":""""passage-pieton""""}"""
"FHD0017.JPG,4644157,""{}"",1,0,""{""""name"""":""""polyline"""",""""all_points_x"""":[1837,3379,4531,335,1872],""""all_points_y"""":[1025,1111,2516,2339,1035]}"",""{""""objet"""":""""passage-pieton""""}"""
"FHD0018.JPG,4638328,""{}"",1,0,""{""""name"""":""""polyline"""",""""all_points_x"""":[1928,3521,4520,457,1938],""""all_points_y"""":[1005,1126,2496,2273,994]}"",""{""""objet"""":""""passage-pieton""""}"""
"FHD0019.JPG,4674853,""{}"",1,0,""{""""name"""":""""polyline"""",""""all_points_x"""":[1608,3151,4434,315,1593],""""all_points_y"""":[1218,1238,2516,2501,1213]}"",""{""""objet"""":""""passage-pieton""""}"""
"FHD0020.JPG,4689142,""{}"",1,0,""{""""name"""":""""polyline"""",""""all_points_x"""":[1466,3156,4424,244,1456],""""all_points_y"""":[1207,1207,2547,2532,1213]}"",""{""""objet"""":""""passage-pieton""""}"""
"FHD0021.JPG,4722981,""{}"",1,0,""{""""name"""":""""polyline"""",""""all_points_x"""":[1329,3054,4333,233,1329],""""all_points_y"""":[1101,1076,2471,2486,1106]}"",""{""""objet"""":""""passage-pieton""""}"""
"FHD0022.JPG,4645726,""{}"",1,0,""{""""name"""":""""polyline"""",""""all_points_x"""":[1187,3044,4307,91,1197],""""all_points_y"""":[1116,1116,2461,2501,1116]}"",""{""""objet"""":""""passage-pieton""""}"""
"FHD0023.JPG,4656792,""{}"",1,0,""{""""name"""":""""polyline"""",""""all_points_x"""":[1314,2938,4252,101,1314],""""all_points_y"""":[1116,1126,2471,2496,1116]}"",""{""""objet"""":""""passage-pieton""""}"""
"FHD0024.JPG,4623652,""{}"",1,0,""{""""name"""":""""polyline"""",""""all_points_x"""":[1395,2917,4247,137,1390],""""all_points_y"""":[1162,1177,2542,2435,1152]}"",""{""""objet"""":""""passage-pieton""""}"""
"FHD0025.JPG,4679527,""{}"",1,0,""{""""name"""":""""polyline"""",""""all_points_x"""":[964,3110,4323,198,969],""""all_points_y"""":[776,832,2359,2308,766]}"",""{""""objet"""":""""passage-pieton""""}"""
"FHD0026.JPG,4716820,""{}"",1,0,""{""""name"""":""""polyline"""",""""all_points_x"""":[1380,3420,4383,264,1390],""""all_points_y"""":[903,974,2390,2314,888]}"",""{""""objet"""":""""passage-pieton""""}"""
"FHD0027.JPG,4761313,""{}"",1,0,""{""""name"""":""""polyline"""",""""all_points_x"""":[1410,3298,4439,172,1426],""""all_points_y"""":[999,1055,2511,2369,1010]}"",""{""""objet"""":""""passage-pieton""""}"""
"FHD0028.JPG,4688720,""{}"",1,0,""{""""name"""":""""polyline"""",""""all_points_x"""":[1512,127,4394,3156,1507],""""all_points_y"""":[994,2476,2532,994,989]}"",""{""""objet"""":""""passage-pieton""""}"""
"FHD0029.JPG,4701816,""{}"",1,0,""{""""name"""":""""polyline"""",""""all_points_x"""":[1552,3161,4455,208,1547],""""all_points_y"""":[928,969,2496,2364,923]}"",""{""""objet"""":""""passage-pieton""""}"""
"FHD0030.JPG,4680943,""{}"",1,0,""{""""name"""":""""polyline"""",""""all_points_x"""":[1618,157,4312,3064,1593],""""all_points_y"""":[878,2334,2400,913,888]}"",""{""""objet"""":""""passage-pieton""""}"""
"FHD0031.JPG,4496327,""{}"",1,0,""{""""name"""":""""polyline"""",""""all_points_x"""":[634,2131,3125,1791,639],""""all_points_y"""":[1684,2577,1664,1380,1684]}"",""{""""objet"""":""""passage-pieton""""}"""
"FHD0032.JPG,4502062,""{}"",1,0,""{""""name"""":""""polyline"""",""""all_points_x"""":[619,1832,3181,2232,619],""""all_points_y"""":[1644,1380,1664,2572,1644]}"",""{""""objet"""":""""passage-pieton""""}"""
"FHD0033.JPG,4499568,""{}"",1,0,""{""""name"""":""""polyline"""",""""all_points_x"""":[675,1715,3201,2395,680],""""all_points_y"""":[1639,1400,1644,2577,1644]}"",""{""""objet"""":""""passage-pieton""""}"""
"FHD0034.JPG,4498265,""{}"",1,0,""{""""name"""":""""polyline"""",""""all_points_x"""":[1091,2202,3536,2927,1943,1065],""""all_points_y"""":[1695,1532,1908,2537,2552,1674]}"",""{""""objet"""":""""passage-pieton""""}"""
"FHD0035.JPG,4504151,""{}"",1,0,""{""""name"""":""""polyline"""",""""all_points_x"""":[2146,3663,3085,1974,1015,2151],""""all_points_y"""":[1537,2024,2557,2572,1629,1532]}"",""{""""objet"""":""""passage-pieton""""}"""
"FHD0036.JPG,4540702,""{}"",1,0,""{""""name"""":""""polyline"""",""""all_points_x"""":[2060,3582,2719,1933,934,2075],""""all_points_y"""":[1360,1821,2557,2557,1558,1365]}"",""{""""objet"""":""""passage-pieton""""}"""
"FHD0037.JPG,4521164,""{}"",1,0,""{""""name"""":""""polyline"""",""""all_points_x"""":[457,2303,3075,1634,457],""""all_points_y"""":[1532,2496,1390,1172,1532]}"",""{""""objet"""":""""passage-pieton""""}"""
"FHD0038.JPG,4541350,""{}"",1,0,""{""""name"""":""""polyline"""",""""all_points_x"""":[477,2258,3075,1634,497],""""all_points_y"""":[1512,2516,1365,1172,1512]}"",""{""""objet"""":""""passage-pieton""""}"""
"FHD0039.JPG,4513032,""{}"",1,0,""{""""name"""":""""polyline"""",""""all_points_x"""":[416,2329,3135,1573,401],""""all_points_y"""":[1522,2532,1360,1136,1517]}"",""{""""objet"""":""""passage-pieton""""}"""
"FHD0040.JPG,4526497,""{}"",1,0,""{""""name"""":""""polyline"""",""""all_points_x"""":[370,3470,3166,1365,355],""""all_points_y"""":[1892,2369,1192,1207,1892]}"",""{""""objet"""":""""passage-pieton""""}"""
"FHD0041.JPG,4488054,""{}"",1,0,""{""""name"""":""""polyline"""",""""all_points_x"""":[528,3379,3186,1573,528],""""all_points_y"""":[1892,2334,1233,1238,1897]}"",""{""""objet"""":""""passage-pieton""""}"""
"FHD0042.JPG,4480549,""{}"",1,0,""{""""name"""":""""polyline"""",""""all_points_x"""":[309,3470,3217,1552,304],""""all_points_y"""":[1943,2471,1238,1258,1943]}"",""{""""objet"""":""""passage-pieton""""}"""
"FHD0043.JPG,4582179,""{}"",1,0,""{""""name"""":""""polyline"""",""""all_points_x"""":[406,1654,3313,3206,1603,396],""""all_points_y"""":[1948,2537,2542,1624,1502,1953]}"",""{""""objet"""":""""passage-pieton""""}"""
"FHD0044.JPG,4552620,""{}"",1,0,""{""""name"""":""""polyline"""",""""all_points_x"""":[1461,3338,3384,1938,441,1456],""""all_points_y"""":[1502,1689,2506,2557,2009,1497]}"",""{""""objet"""":""""passage-pieton""""}"""
"FHD0045.JPG,4548143,""{}"",1,0,""{""""name"""":""""polyline"""",""""all_points_x"""":[1405,3135,3232,1984,512,1400],""""all_points_y"""":[1471,1649,2532,2562,2070,1466]}"",""{""""objet"""":""""passage-pieton""""}"""
"FHD0046.JPG,4499662,""{}"",1,0,""{""""name"""":""""polyline"""",""""all_points_x"""":[1289,3100,3176,1142,122,1289],""""all_points_y"""":[1669,1837,2516,2567,2090,1664]}"",""{""""objet"""":undefined}"""
"FHD0047.JPG,4507004,""{}"",1,0,""{""""name"""":""""polyline"""",""""all_points_x"""":[1446,3105,3191,1522,335,1451],""""all_points_y"""":[1629,1761,2527,2577,2100,1629]}"",""{""""objet"""":""""passage-pieton""""}"""
"FHD0048.JPG,4533461,""{}"",1,0,""{""""name"""":""""polyline"""",""""all_points_x"""":[1537,3156,3161,1877,406,1558],""""all_points_y"""":[1476,1649,2577,2567,1989,1476]}"",""{""""objet"""":""""passage-pieton""""}"""
"FHD0049.JPG,4518102,""{}"",1,0,""{""""name"""":""""polyline"""",""""all_points_x"""":[1943,3491,3338,2237,609,1943],""""all_points_y"""":[1228,1624,2557,2516,1603,1228]}"",""{""""objet"""":""""passage-pieton""""}"""
"FHD0050.JPG,4521065,""{}"",1,0,""{""""name"""":""""polyline"""",""""all_points_x"""":[1903,3485,3354,2577,705,1913],""""all_points_y"""":[1299,1664,2527,2562,1608,1299]}"",""{""""objet"""":""""passage-pieton""""}"""
